megrendelo_neve,rendelt_termek,termek_anyaga,gravirozasi_technologia,rendeles_osszara,rendelesi_ido,atveteli_datum
Barta Gergely,Kulcstartó,acél,lézergravírozás,9600,2025-02-05 10:20:00,2025-02-08
Király Eszter,Borospohár,üveg,homokfúvás,6400,2025-02-14 15:10:00,2025-02-17
Németh Balázs,Zsebóra,sárgaréz,gyémántfejes,9500,2025-03-01 09:45:00,2025-03-04
Fodor Levente,Vágódeszka,fa,lézergravírozás,13800,2025-03-19 14:12:00,2025-03-22
Vörös Nikolett,Golyóstoll,acél,lézergravírozás,19000,2025-04-04 11:30:00,2025-04-07
Major Dániel,Kutyabiléta,alumínium,mechanikus marás,3200,2025-04-18 16:05:00,2025-04-21
Antal Richárd,Laposüveg flaska,acél,gyémántfejes,17200,2025-05-06 13:40:00,2025-05-09
Barta Gergely,Névjegykártyatartó,acél,lézergravírozás,16200,2025-05-21 09:18:00,2025-05-24
Lengyel Csilla,Nyaklánc medál,ezüst,gyémántfejes,9800,2025-06-08 12:50:00,2025-06-11
Hegedűs Márk,Pezsgőspohár,üveg,homokfúvás,19800,2025-06-25 17:15:00,2025-06-28
Németh Balázs,Ékszerdoboz,fa,lézergravírozás,13600,2025-07-11 10:05:00,2025-07-15
Bíró Patrícia,Termosz,acél,lézergravírozás,14700,2025-07-29 14:33:00,2025-08-01
Pálfi Zsuzsanna,Képkeret,fa,lézergravírozás,13200,2025-08-14 08:55:00,2025-08-17
Kelemen Attila,Zsebkés,acél,mechanikus marás,12800,2025-09-02 15:22:00,2025-09-05
Major Dániel,Karkötő,ezüst,gyémántfejes,12500,2025-09-19 11:10:00,2025-09-22
Gál Bettina,Bortartó doboz,fa,lézergravírozás,20500,2025-10-06 16:45:00,2025-10-10
Halász Botond,Viharöngyújtó,acél,gyémántfejes,10400,2025-10-21 13:12:00,2025-10-24
Lengyel Csilla,Golyóstoll,bambusz,lézergravírozás,20000,2025-11-05 09:28:00,2025-11-08
Szekeres Kristóf,Söröskorsó,üveg,homokfúvás,14800,2025-11-18 14:50:00,2025-11-21
Novák Henrietta,Golyóstoll,sárgaréz,mechanikus marás,13000,2025-11-28 11:04:00,2025-12-01